timestamp,original_path,new_path
2025-12-10T20:04:47,C:\Users\27646\OneDrive\Master_Cloud\01_Documents\25f619ed51d56110VgnVCM1000003511060aRCRD[1].txt,C:\Users\27646\OneDrive\Master_Cloud\07_Documents\25f619ed51d56110VgnVCM1000003511060aRCRD[1].txt
2025-12-10T20:04:47,C:\Users\27646\OneDrive\Master_Cloud\01_Documents\526e80957caaff00VgnVCM100000ce17040aRCRD[1].txt,C:\Users\27646\OneDrive\Master_Cloud\07_Documents\526e80957caaff00VgnVCM100000ce17040aRCRD[1].txt
2025-12-10T20:04:47,C:\Users\27646\OneDrive\Master_Cloud\01_Documents\65b619ed51d56110VgnVCM1000003511060aRCRD[1].txt,C:\Users\27646\OneDrive\Master_Cloud\07_Documents\65b619ed51d56110VgnVCM1000003511060aRCRD[1].txt
2025-12-10T20:04:47,C:\Users\27646\OneDrive\Master_Cloud\01_Documents\6a7b19ed51d56110VgnVCM1000003511060aRCRD[1].txt,C:\Users\27646\OneDrive\Master_Cloud\07_Documents\6a7b19ed51d56110VgnVCM1000003511060aRCRD[1].txt
2025-12-10T20:04:47,C:\Users\27646\OneDrive\Master_Cloud\01_Documents\aansoekrek[1].doc,C:\Users\27646\OneDrive\Master_Cloud\07_Documents\aansoekrek[1].doc
2025-12-10T20:04:47,C:\Users\27646\OneDrive\Master_Cloud\01_Documents\fcbb19ed51d56110VgnVCM1000003511060aRCRD[1].txt,C:\Users\27646\OneDrive\Master_Cloud\07_Documents\fcbb19ed51d56110VgnVCM1000003511060aRCRD[1].txt
2025-12-10T20:04:47,C:\Users\27646\OneDrive\Master_Cloud\01_Documents\f[10].txt,C:\Users\27646\OneDrive\Master_Cloud\07_Documents\f[10].txt
2025-12-10T20:04:47,C:\Users\27646\OneDrive\Master_Cloud\01_Documents\f[11].txt,C:\Users\27646\OneDrive\Master_Cloud\07_Documents\f[11].txt
2025-12-10T20:04:47,C:\Users\27646\OneDrive\Master_Cloud\01_Documents\f[1].txt,C:\Users\27646\OneDrive\Master_Cloud\07_Documents\f[1].txt
2025-12-10T20:04:47,C:\Users\27646\OneDrive\Master_Cloud\01_Documents\f[2].txt,C:\Users\27646\OneDrive\Master_Cloud\07_Documents\f[2].txt
2025-12-10T20:04:47,C:\Users\27646\OneDrive\Master_Cloud\01_Documents\f[3].txt,C:\Users\27646\OneDrive\Master_Cloud\07_Documents\f[3].txt
2025-12-10T20:04:47,C:\Users\27646\OneDrive\Master_Cloud\01_Documents\f[4].txt,C:\Users\27646\OneDrive\Master_Cloud\07_Documents\f[4].txt
2025-12-10T20:04:47,C:\Users\27646\OneDrive\Master_Cloud\01_Documents\f[5].txt,C:\Users\27646\OneDrive\Master_Cloud\07_Documents\f[5].txt
2025-12-10T20:04:47,C:\Users\27646\OneDrive\Master_Cloud\01_Documents\f[6].txt,C:\Users\27646\OneDrive\Master_Cloud\07_Documents\f[6].txt
2025-12-10T20:04:47,C:\Users\27646\OneDrive\Master_Cloud\01_Documents\f[7].txt,C:\Users\27646\OneDrive\Master_Cloud\07_Documents\f[7].txt
2025-12-10T20:04:47,C:\Users\27646\OneDrive\Master_Cloud\01_Documents\f[8].txt,C:\Users\27646\OneDrive\Master_Cloud\07_Documents\f[8].txt
2025-12-10T20:04:47,C:\Users\27646\OneDrive\Master_Cloud\01_Documents\f[9].txt,C:\Users\27646\OneDrive\Master_Cloud\07_Documents\f[9].txt
2025-12-10T20:04:47,C:\Users\27646\OneDrive\Master_Cloud\01_Documents\HBEPGUID.TXT,C:\Users\27646\OneDrive\Master_Cloud\07_Documents\HBEPGUID.TXT
2025-12-10T20:04:47,C:\Users\27646\OneDrive\Master_Cloud\01_Documents\p_100001890724073=0[1].txt,C:\Users\27646\OneDrive\Master_Cloud\07_Documents\p_100001890724073=0[1].txt
2025-12-10T20:04:47,C:\Users\27646\OneDrive\Master_Cloud\01_Documents\p_100001890724073=0[2].txt,C:\Users\27646\OneDrive\Master_Cloud\07_Documents\p_100001890724073=0[2].txt
2025-12-10T20:04:47,C:\Users\27646\OneDrive\Master_Cloud\01_Documents\p_100001890724073=0[3].txt,C:\Users\27646\OneDrive\Master_Cloud\07_Documents\p_100001890724073=0[3].txt
2025-12-10T20:04:47,C:\Users\27646\OneDrive\Master_Cloud\01_Documents\p_100001890724073=0[4].txt,C:\Users\27646\OneDrive\Master_Cloud\07_Documents\p_100001890724073=0[4].txt
2025-12-10T20:04:47,C:\Users\27646\OneDrive\Master_Cloud\01_Documents\p_100001890724073=0[5].txt,C:\Users\27646\OneDrive\Master_Cloud\07_Documents\p_100001890724073=0[5].txt
2025-12-10T20:04:47,C:\Users\27646\OneDrive\Master_Cloud\01_Documents\ronelle@254a[1].txt,C:\Users\27646\OneDrive\Master_Cloud\07_Documents\ronelle@254a[1].txt
2025-12-10T20:04:47,C:\Users\27646\OneDrive\Master_Cloud\01_Documents\ronelle@2o7[2].txt,C:\Users\27646\OneDrive\Master_Cloud\07_Documents\ronelle@2o7[2].txt
2025-12-10T20:04:47,C:\Users\27646\OneDrive\Master_Cloud\01_Documents\ronelle@71900043.log.optimizely[1].txt,C:\Users\27646\OneDrive\Master_Cloud\07_Documents\ronelle@71900043.log.optimizely[1].txt
2025-12-10T20:04:47,C:\Users\27646\OneDrive\Master_Cloud\01_Documents\ronelle@abmr[1].txt,C:\Users\27646\OneDrive\Master_Cloud\07_Documents\ronelle@abmr[1].txt
2025-12-10T20:04:47,C:\Users\27646\OneDrive\Master_Cloud\01_Documents\ronelle@absa.co[1].txt,C:\Users\27646\OneDrive\Master_Cloud\07_Documents\ronelle@absa.co[1].txt
2025-12-10T20:04:47,C:\Users\27646\OneDrive\Master_Cloud\01_Documents\ronelle@absa.co[2].txt,C:\Users\27646\OneDrive\Master_Cloud\07_Documents\ronelle@absa.co[2].txt
2025-12-10T20:04:47,C:\Users\27646\OneDrive\Master_Cloud\01_Documents\ronelle@absa.co[3].txt,C:\Users\27646\OneDrive\Master_Cloud\07_Documents\ronelle@absa.co[3].txt
2025-12-10T20:04:47,C:\Users\27646\OneDrive\Master_Cloud\01_Documents\ronelle@absabank.d2.sc.omtrdc[2].txt,C:\Users\27646\OneDrive\Master_Cloud\07_Documents\ronelle@absabank.d2.sc.omtrdc[2].txt
2025-12-10T20:04:47,C:\Users\27646\OneDrive\Master_Cloud\01_Documents\ronelle@accounts.google[1].txt,C:\Users\27646\OneDrive\Master_Cloud\07_Documents\ronelle@accounts.google[1].txt
2025-12-10T20:04:47,C:\Users\27646\OneDrive\Master_Cloud\01_Documents\ronelle@accounts.google[2].txt,C:\Users\27646\OneDrive\Master_Cloud\07_Documents\ronelle@accounts.google[2].txt
2025-12-10T20:04:47,C:\Users\27646\OneDrive\Master_Cloud\01_Documents\ronelle@acsa.co[2].txt,C:\Users\27646\OneDrive\Master_Cloud\07_Documents\ronelle@acsa.co[2].txt
2025-12-10T20:04:47,C:\Users\27646\OneDrive\Master_Cloud\01_Documents\ronelle@ad.zanox[1].txt,C:\Users\27646\OneDrive\Master_Cloud\07_Documents\ronelle@ad.zanox[1].txt
2025-12-10T20:04:47,C:\Users\27646\OneDrive\Master_Cloud\01_Documents\ronelle@addthis[1].txt,C:\Users\27646\OneDrive\Master_Cloud\07_Documents\ronelle@addthis[1].txt
2025-12-10T20:04:47,C:\Users\27646\OneDrive\Master_Cloud\01_Documents\ronelle@addthis[2].txt,C:\Users\27646\OneDrive\Master_Cloud\07_Documents\ronelle@addthis[2].txt
2025-12-10T20:04:47,C:\Users\27646\OneDrive\Master_Cloud\01_Documents\ronelle@adform[1].txt,C:\Users\27646\OneDrive\Master_Cloud\07_Documents\ronelle@adform[1].txt
2025-12-10T20:04:47,C:\Users\27646\OneDrive\Master_Cloud\01_Documents\ronelle@admailtiser[1].txt,C:\Users\27646\OneDrive\Master_Cloud\07_Documents\ronelle@admailtiser[1].txt
2025-12-10T20:04:47,C:\Users\27646\OneDrive\Master_Cloud\01_Documents\ronelle@adnxs[2].txt,C:\Users\27646\OneDrive\Master_Cloud\07_Documents\ronelle@adnxs[2].txt
2025-12-10T20:04:47,C:\Users\27646\OneDrive\Master_Cloud\01_Documents\ronelle@ads.audience2media[1].txt,C:\Users\27646\OneDrive\Master_Cloud\07_Documents\ronelle@ads.audience2media[1].txt
2025-12-10T20:04:47,C:\Users\27646\OneDrive\Master_Cloud\01_Documents\ronelle@ads.yahoo[1].txt,C:\Users\27646\OneDrive\Master_Cloud\07_Documents\ronelle@ads.yahoo[1].txt
2025-12-10T20:04:47,C:\Users\27646\OneDrive\Master_Cloud\01_Documents\ronelle@adtech[1].txt,C:\Users\27646\OneDrive\Master_Cloud\07_Documents\ronelle@adtech[1].txt
2025-12-10T20:04:47,C:\Users\27646\OneDrive\Master_Cloud\01_Documents\ronelle@advertising[1].txt,C:\Users\27646\OneDrive\Master_Cloud\07_Documents\ronelle@advertising[1].txt
2025-12-10T20:04:47,C:\Users\27646\OneDrive\Master_Cloud\01_Documents\ronelle@agkn[2].txt,C:\Users\27646\OneDrive\Master_Cloud\07_Documents\ronelle@agkn[2].txt
2025-12-10T20:04:47,C:\Users\27646\OneDrive\Master_Cloud\01_Documents\ronelle@airportlostandfound[2].txt,C:\Users\27646\OneDrive\Master_Cloud\07_Documents\ronelle@airportlostandfound[2].txt
2025-12-10T20:04:47,C:\Users\27646\OneDrive\Master_Cloud\01_Documents\ronelle@ancestry[1].txt,C:\Users\27646\OneDrive\Master_Cloud\07_Documents\ronelle@ancestry[1].txt
2025-12-10T20:04:47,C:\Users\27646\OneDrive\Master_Cloud\01_Documents\ronelle@aol[1].txt,C:\Users\27646\OneDrive\Master_Cloud\07_Documents\ronelle@aol[1].txt
2025-12-10T20:04:47,C:\Users\27646\OneDrive\Master_Cloud\01_Documents\ronelle@ask[2].txt,C:\Users\27646\OneDrive\Master_Cloud\07_Documents\ronelle@ask[2].txt
2025-12-10T20:04:47,C:\Users\27646\OneDrive\Master_Cloud\01_Documents\ronelle@at.atwola[2].txt,C:\Users\27646\OneDrive\Master_Cloud\07_Documents\ronelle@at.atwola[2].txt
2025-12-10T20:04:47,C:\Users\27646\OneDrive\Master_Cloud\01_Documents\ronelle@atdmt[1].txt,C:\Users\27646\OneDrive\Master_Cloud\07_Documents\ronelle@atdmt[1].txt
2025-12-10T20:04:47,C:\Users\27646\OneDrive\Master_Cloud\01_Documents\ronelle@ati-host[2].txt,C:\Users\27646\OneDrive\Master_Cloud\07_Documents\ronelle@ati-host[2].txt
2025-12-10T20:04:47,C:\Users\27646\OneDrive\Master_Cloud\01_Documents\ronelle@atterburytheatre.co[2].txt,C:\Users\27646\OneDrive\Master_Cloud\07_Documents\ronelle@atterburytheatre.co[2].txt
2025-12-10T20:04:47,C:\Users\27646\OneDrive\Master_Cloud\01_Documents\ronelle@bbc.co[1].txt,C:\Users\27646\OneDrive\Master_Cloud\07_Documents\ronelle@bbc.co[1].txt
2025-12-10T20:04:47,C:\Users\27646\OneDrive\Master_Cloud\01_Documents\ronelle@bbc[1].txt,C:\Users\27646\OneDrive\Master_Cloud\07_Documents\ronelle@bbc[1].txt
2025-12-10T20:04:47,C:\Users\27646\OneDrive\Master_Cloud\01_Documents\ronelle@bidorbuy.co[1].txt,C:\Users\27646\OneDrive\Master_Cloud\07_Documents\ronelle@bidorbuy.co[1].txt
2025-12-10T20:04:47,C:\Users\27646\OneDrive\Master_Cloud\01_Documents\ronelle@bidswitch[1].txt,C:\Users\27646\OneDrive\Master_Cloud\07_Documents\ronelle@bidswitch[1].txt
2025-12-10T20:04:47,C:\Users\27646\OneDrive\Master_Cloud\01_Documents\ronelle@bing[2].txt,C:\Users\27646\OneDrive\Master_Cloud\07_Documents\ronelle@bing[2].txt
2025-12-10T20:04:47,C:\Users\27646\OneDrive\Master_Cloud\01_Documents\ronelle@bluekai[1].txt,C:\Users\27646\OneDrive\Master_Cloud\07_Documents\ronelle@bluekai[1].txt
2025-12-10T20:04:47,C:\Users\27646\OneDrive\Master_Cloud\01_Documents\ronelle@britishairways[1].txt,C:\Users\27646\OneDrive\Master_Cloud\07_Documents\ronelle@britishairways[1].txt
2025-12-10T20:04:47,C:\Users\27646\OneDrive\Master_Cloud\01_Documents\ronelle@britishairways[3].txt,C:\Users\27646\OneDrive\Master_Cloud\07_Documents\ronelle@britishairways[3].txt
2025-12-10T20:04:47,C:\Users\27646\OneDrive\Master_Cloud\01_Documents\ronelle@brooklynmall.co[2].txt,C:\Users\27646\OneDrive\Master_Cloud\07_Documents\ronelle@brooklynmall.co[2].txt
2025-12-10T20:04:47,C:\Users\27646\OneDrive\Master_Cloud\01_Documents\ronelle@brooklyntheatre.co[2].txt,C:\Users\27646\OneDrive\Master_Cloud\07_Documents\ronelle@brooklyntheatre.co[2].txt
2025-12-10T20:04:47,C:\Users\27646\OneDrive\Master_Cloud\01_Documents\ronelle@bym.sitescout[2].txt,C:\Users\27646\OneDrive\Master_Cloud\07_Documents\ronelle@bym.sitescout[2].txt
2025-12-10T20:04:47,C:\Users\27646\OneDrive\Master_Cloud\01_Documents\ronelle@c1.adform[2].txt,C:\Users\27646\OneDrive\Master_Cloud\07_Documents\ronelle@c1.adform[2].txt
2025-12-10T20:04:47,C:\Users\27646\OneDrive\Master_Cloud\01_Documents\ronelle@canadainternational.gc[1].txt,C:\Users\27646\OneDrive\Master_Cloud\07_Documents\ronelle@canadainternational.gc[1].txt
2025-12-10T20:04:47,C:\Users\27646\OneDrive\Master_Cloud\01_Documents\ronelle@chango[1].txt,C:\Users\27646\OneDrive\Master_Cloud\07_Documents\ronelle@chango[1].txt
2025-12-10T20:04:47,C:\Users\27646\OneDrive\Master_Cloud\01_Documents\ronelle@cic.gc[1].txt,C:\Users\27646\OneDrive\Master_Cloud\07_Documents\ronelle@cic.gc[1].txt
2025-12-10T20:04:47,C:\Users\27646\OneDrive\Master_Cloud\01_Documents\ronelle@citco[2].txt,C:\Users\27646\OneDrive\Master_Cloud\07_Documents\ronelle@citco[2].txt
2025-12-10T20:04:47,C:\Users\27646\OneDrive\Master_Cloud\01_Documents\ronelle@connexity[1].txt,C:\Users\27646\OneDrive\Master_Cloud\07_Documents\ronelle@connexity[1].txt
2025-12-10T20:04:47,C:\Users\27646\OneDrive\Master_Cloud\01_Documents\ronelle@conrubezshortstoriez.simplesite[2].txt,C:\Users\27646\OneDrive\Master_Cloud\07_Documents\ronelle@conrubezshortstoriez.simplesite[2].txt
2025-12-10T20:04:47,C:\Users\27646\OneDrive\Master_Cloud\01_Documents\ronelle@contextweb[1].txt,C:\Users\27646\OneDrive\Master_Cloud\07_Documents\ronelle@contextweb[1].txt
2025-12-10T20:04:47,C:\Users\27646\OneDrive\Master_Cloud\01_Documents\ronelle@criteo[1].txt,C:\Users\27646\OneDrive\Master_Cloud\07_Documents\ronelle@criteo[1].txt
2025-12-10T20:04:47,C:\Users\27646\OneDrive\Master_Cloud\01_Documents\ronelle@ctnsnet[1].txt,C:\Users\27646\OneDrive\Master_Cloud\07_Documents\ronelle@ctnsnet[1].txt
2025-12-10T20:04:47,C:\Users\27646\OneDrive\Master_Cloud\01_Documents\ronelle@d.adroll[2].txt,C:\Users\27646\OneDrive\Master_Cloud\07_Documents\ronelle@d.adroll[2].txt
2025-12-10T20:04:47,C:\Users\27646\OneDrive\Master_Cloud\01_Documents\ronelle@d.txtsrving[1].txt,C:\Users\27646\OneDrive\Master_Cloud\07_Documents\ronelle@d.txtsrving[1].txt
2025-12-10T20:04:47,C:\Users\27646\OneDrive\Master_Cloud\01_Documents\ronelle@datropy[2].txt,C:\Users\27646\OneDrive\Master_Cloud\07_Documents\ronelle@datropy[2].txt
2025-12-10T20:04:47,C:\Users\27646\OneDrive\Master_Cloud\01_Documents\ronelle@de17a[1].txt,C:\Users\27646\OneDrive\Master_Cloud\07_Documents\ronelle@de17a[1].txt
2025-12-10T20:04:47,C:\Users\27646\OneDrive\Master_Cloud\01_Documents\ronelle@defaultsear[1].txt,C:\Users\27646\OneDrive\Master_Cloud\07_Documents\ronelle@defaultsear[1].txt
2025-12-10T20:04:47,C:\Users\27646\OneDrive\Master_Cloud\01_Documents\ronelle@delivery67[1].txt,C:\Users\27646\OneDrive\Master_Cloud\07_Documents\ronelle@delivery67[1].txt
2025-12-10T20:04:47,C:\Users\27646\OneDrive\Master_Cloud\01_Documents\ronelle@demdex[1].txt,C:\Users\27646\OneDrive\Master_Cloud\07_Documents\ronelle@demdex[1].txt
2025-12-10T20:04:47,C:\Users\27646\OneDrive\Master_Cloud\01_Documents\ronelle@directions-maps[1].txt,C:\Users\27646\OneDrive\Master_Cloud\07_Documents\ronelle@directions-maps[1].txt
2025-12-10T20:04:47,C:\Users\27646\OneDrive\Master_Cloud\01_Documents\ronelle@disqus[2].txt,C:\Users\27646\OneDrive\Master_Cloud\07_Documents\ronelle@disqus[2].txt
2025-12-10T20:04:47,C:\Users\27646\OneDrive\Master_Cloud\01_Documents\ronelle@doubleclick[1].txt,C:\Users\27646\OneDrive\Master_Cloud\07_Documents\ronelle@doubleclick[1].txt
2025-12-10T20:04:47,C:\Users\27646\OneDrive\Master_Cloud\01_Documents\ronelle@doubleclick[2].txt,C:\Users\27646\OneDrive\Master_Cloud\07_Documents\ronelle@doubleclick[2].txt
2025-12-10T20:04:47,C:\Users\27646\OneDrive\Master_Cloud\01_Documents\ronelle@dpm.demdex[1].txt,C:\Users\27646\OneDrive\Master_Cloud\07_Documents\ronelle@dpm.demdex[1].txt
2025-12-10T20:04:47,C:\Users\27646\OneDrive\Master_Cloud\01_Documents\ronelle@dropbox[1].txt,C:\Users\27646\OneDrive\Master_Cloud\07_Documents\ronelle@dropbox[1].txt
2025-12-10T20:04:47,C:\Users\27646\OneDrive\Master_Cloud\01_Documents\ronelle@dstv[2].txt,C:\Users\27646\OneDrive\Master_Cloud\07_Documents\ronelle@dstv[2].txt
2025-12-10T20:04:47,C:\Users\27646\OneDrive\Master_Cloud\01_Documents\ronelle@ebay[1].txt,C:\Users\27646\OneDrive\Master_Cloud\07_Documents\ronelle@ebay[1].txt
2025-12-10T20:04:47,C:\Users\27646\OneDrive\Master_Cloud\01_Documents\ronelle@edisproduction[1].txt,C:\Users\27646\OneDrive\Master_Cloud\07_Documents\ronelle@edisproduction[1].txt
2025-12-10T20:04:47,C:\Users\27646\OneDrive\Master_Cloud\01_Documents\ronelle@effectivemeasure[2].txt,C:\Users\27646\OneDrive\Master_Cloud\07_Documents\ronelle@effectivemeasure[2].txt
2025-12-10T20:04:47,C:\Users\27646\OneDrive\Master_Cloud\01_Documents\ronelle@en.wikipedia[1].txt,C:\Users\27646\OneDrive\Master_Cloud\07_Documents\ronelle@en.wikipedia[1].txt
2025-12-10T20:04:47,C:\Users\27646\OneDrive\Master_Cloud\01_Documents\ronelle@everesttech[1].txt,C:\Users\27646\OneDrive\Master_Cloud\07_Documents\ronelle@everesttech[1].txt
2025-12-10T20:04:47,C:\Users\27646\OneDrive\Master_Cloud\01_Documents\ronelle@facebook[1].txt,C:\Users\27646\OneDrive\Master_Cloud\07_Documents\ronelle@facebook[1].txt
2025-12-10T20:04:47,C:\Users\27646\OneDrive\Master_Cloud\01_Documents\ronelle@facebook[2].txt,C:\Users\27646\OneDrive\Master_Cloud\07_Documents\ronelle@facebook[2].txt
2025-12-10T20:04:47,C:\Users\27646\OneDrive\Master_Cloud\01_Documents\ronelle@fast.zti.co[2].txt,C:\Users\27646\OneDrive\Master_Cloud\07_Documents\ronelle@fast.zti.co[2].txt
2025-12-10T20:04:47,C:\Users\27646\OneDrive\Master_Cloud\01_Documents\ronelle@freedownloads.us[2].txt,C:\Users\27646\OneDrive\Master_Cloud\07_Documents\ronelle@freedownloads.us[2].txt
2025-12-10T20:04:47,C:\Users\27646\OneDrive\Master_Cloud\01_Documents\ronelle@fwmrm[2].txt,C:\Users\27646\OneDrive\Master_Cloud\07_Documents\ronelle@fwmrm[2].txt
2025-12-10T20:04:47,C:\Users\27646\OneDrive\Master_Cloud\01_Documents\ronelle@go.sp-ask[1].txt,C:\Users\27646\OneDrive\Master_Cloud\07_Documents\ronelle@go.sp-ask[1].txt
2025-12-10T20:04:47,C:\Users\27646\OneDrive\Master_Cloud\01_Documents\ronelle@google.co[1].txt,C:\Users\27646\OneDrive\Master_Cloud\07_Documents\ronelle@google.co[1].txt
2025-12-10T20:04:47,C:\Users\27646\OneDrive\Master_Cloud\01_Documents\ronelle@google[1].txt,C:\Users\27646\OneDrive\Master_Cloud\07_Documents\ronelle@google[1].txt
2025-12-10T20:04:47,C:\Users\27646\OneDrive\Master_Cloud\01_Documents\ronelle@google[4].txt,C:\Users\27646\OneDrive\Master_Cloud\07_Documents\ronelle@google[4].txt
2025-12-10T20:04:47,C:\Users\27646\OneDrive\Master_Cloud\01_Documents\ronelle@google[5].txt,C:\Users\27646\OneDrive\Master_Cloud\07_Documents\ronelle@google[5].txt
2025-12-10T20:04:47,C:\Users\27646\OneDrive\Master_Cloud\01_Documents\ronelle@greengazette.co[2].txt,C:\Users\27646\OneDrive\Master_Cloud\07_Documents\ronelle@greengazette.co[2].txt
2025-12-10T20:04:47,C:\Users\27646\OneDrive\Master_Cloud\01_Documents\ronelle@gumtree.co[2].txt,C:\Users\27646\OneDrive\Master_Cloud\07_Documents\ronelle@gumtree.co[2].txt
2025-12-10T20:04:47,C:\Users\27646\OneDrive\Master_Cloud\01_Documents\ronelle@gwallet[1].txt,C:\Users\27646\OneDrive\Master_Cloud\07_Documents\ronelle@gwallet[1].txt
2025-12-10T20:04:47,C:\Users\27646\OneDrive\Master_Cloud\01_Documents\ronelle@ib.absa.co[1].txt,C:\Users\27646\OneDrive\Master_Cloud\07_Documents\ronelle@ib.absa.co[1].txt
2025-12-10T20:04:47,C:\Users\27646\OneDrive\Master_Cloud\01_Documents\ronelle@imrworldwide[1].txt,C:\Users\27646\OneDrive\Master_Cloud\07_Documents\ronelle@imrworldwide[1].txt
2025-12-10T20:04:47,C:\Users\27646\OneDrive\Master_Cloud\01_Documents\ronelle@in.getclicky[1].txt,C:\Users\27646\OneDrive\Master_Cloud\07_Documents\ronelle@in.getclicky[1].txt
2025-12-10T20:04:47,C:\Users\27646\OneDrive\Master_Cloud\01_Documents\ronelle@intext.nav-links[2].txt,C:\Users\27646\OneDrive\Master_Cloud\07_Documents\ronelle@intext.nav-links[2].txt
2025-12-10T20:04:47,C:\Users\27646\OneDrive\Master_Cloud\01_Documents\ronelle@investec.co[1].txt,C:\Users\27646\OneDrive\Master_Cloud\07_Documents\ronelle@investec.co[1].txt
2025-12-10T20:04:47,C:\Users\27646\OneDrive\Master_Cloud\01_Documents\ronelle@investec[1].txt,C:\Users\27646\OneDrive\Master_Cloud\07_Documents\ronelle@investec[1].txt
2025-12-10T20:04:47,C:\Users\27646\OneDrive\Master_Cloud\01_Documents\ronelle@ividi[1].txt,C:\Users\27646\OneDrive\Master_Cloud\07_Documents\ronelle@ividi[1].txt
2025-12-10T20:04:47,C:\Users\27646\OneDrive\Master_Cloud\01_Documents\ronelle@joburgtheatre[1].txt,C:\Users\27646\OneDrive\Master_Cloud\07_Documents\ronelle@joburgtheatre[1].txt
2025-12-10T20:04:47,C:\Users\27646\OneDrive\Master_Cloud\01_Documents\ronelle@krugerpark[1].txt,C:\Users\27646\OneDrive\Master_Cloud\07_Documents\ronelle@krugerpark[1].txt
2025-12-10T20:04:47,C:\Users\27646\OneDrive\Master_Cloud\01_Documents\ronelle@krugerpark[2].txt,C:\Users\27646\OneDrive\Master_Cloud\07_Documents\ronelle@krugerpark[2].txt
2025-12-10T20:04:47,C:\Users\27646\OneDrive\Master_Cloud\01_Documents\ronelle@krugerpark[3].txt,C:\Users\27646\OneDrive\Master_Cloud\07_Documents\ronelle@krugerpark[3].txt
2025-12-10T20:04:47,C:\Users\27646\OneDrive\Master_Cloud\01_Documents\ronelle@krxd[2].txt,C:\Users\27646\OneDrive\Master_Cloud\07_Documents\ronelle@krxd[2].txt
2025-12-10T20:04:47,C:\Users\27646\OneDrive\Master_Cloud\01_Documents\ronelle@letsgo.co[2].txt,C:\Users\27646\OneDrive\Master_Cloud\07_Documents\ronelle@letsgo.co[2].txt
2025-12-10T20:04:47,C:\Users\27646\OneDrive\Master_Cloud\01_Documents\ronelle@lijit[2].txt,C:\Users\27646\OneDrive\Master_Cloud\07_Documents\ronelle@lijit[2].txt
2025-12-10T20:04:47,C:\Users\27646\OneDrive\Master_Cloud\01_Documents\ronelle@linkedin[2].txt,C:\Users\27646\OneDrive\Master_Cloud\07_Documents\ronelle@linkedin[2].txt
2025-12-10T20:04:47,C:\Users\27646\OneDrive\Master_Cloud\01_Documents\ronelle@login.secure.investec[1].txt,C:\Users\27646\OneDrive\Master_Cloud\07_Documents\ronelle@login.secure.investec[1].txt
2025-12-10T20:04:47,C:\Users\27646\OneDrive\Master_Cloud\01_Documents\ronelle@login.yahoo[2].txt,C:\Users\27646\OneDrive\Master_Cloud\07_Documents\ronelle@login.yahoo[2].txt
2025-12-10T20:04:47,C:\Users\27646\OneDrive\Master_Cloud\01_Documents\ronelle@lookany[2].txt,C:\Users\27646\OneDrive\Master_Cloud\07_Documents\ronelle@lookany[2].txt
2025-12-10T20:04:47,C:\Users\27646\OneDrive\Master_Cloud\01_Documents\ronelle@lucidmedia[2].txt,C:\Users\27646\OneDrive\Master_Cloud\07_Documents\ronelle@lucidmedia[2].txt
2025-12-10T20:04:47,C:\Users\27646\OneDrive\Master_Cloud\01_Documents\ronelle@m.gumtree.co[2].txt,C:\Users\27646\OneDrive\Master_Cloud\07_Documents\ronelle@m.gumtree.co[2].txt
2025-12-10T20:04:47,C:\Users\27646\OneDrive\Master_Cloud\01_Documents\ronelle@mail.google[1].txt,C:\Users\27646\OneDrive\Master_Cloud\07_Documents\ronelle@mail.google[1].txt
2025-12-10T20:04:47,C:\Users\27646\OneDrive\Master_Cloud\01_Documents\ronelle@mail.yahoo[1].txt,C:\Users\27646\OneDrive\Master_Cloud\07_Documents\ronelle@mail.yahoo[1].txt
2025-12-10T20:04:47,C:\Users\27646\OneDrive\Master_Cloud\01_Documents\ronelle@maps4pc[2].txt,C:\Users\27646\OneDrive\Master_Cloud\07_Documents\ronelle@maps4pc[2].txt
2025-12-10T20:04:47,C:\Users\27646\OneDrive\Master_Cloud\01_Documents\ronelle@mapsgalaxy[1].txt,C:\Users\27646\OneDrive\Master_Cloud\07_Documents\ronelle@mapsgalaxy[1].txt
2025-12-10T20:04:47,C:\Users\27646\OneDrive\Master_Cloud\01_Documents\ronelle@mathtag[2].txt,C:\Users\27646\OneDrive\Master_Cloud\07_Documents\ronelle@mathtag[2].txt
2025-12-10T20:04:47,C:\Users\27646\OneDrive\Master_Cloud\01_Documents\ronelle@migrationexpert.co[2].txt,C:\Users\27646\OneDrive\Master_Cloud\07_Documents\ronelle@migrationexpert.co[2].txt
2025-12-10T20:04:47,C:\Users\27646\OneDrive\Master_Cloud\01_Documents\ronelle@migrationexpert[1].txt,C:\Users\27646\OneDrive\Master_Cloud\07_Documents\ronelle@migrationexpert[1].txt
2025-12-10T20:04:47,C:\Users\27646\OneDrive\Master_Cloud\01_Documents\ronelle@mookie1[2].txt,C:\Users\27646\OneDrive\Master_Cloud\07_Documents\ronelle@mookie1[2].txt
2025-12-10T20:04:47,C:\Users\27646\OneDrive\Master_Cloud\01_Documents\ronelle@moviesite.co[2].txt,C:\Users\27646\OneDrive\Master_Cloud\07_Documents\ronelle@moviesite.co[2].txt
2025-12-10T20:04:47,C:\Users\27646\OneDrive\Master_Cloud\01_Documents\ronelle@multichoice.eyerys.co[2].txt,C:\Users\27646\OneDrive\Master_Cloud\07_Documents\ronelle@multichoice.eyerys.co[2].txt
2025-12-10T20:04:47,C:\Users\27646\OneDrive\Master_Cloud\01_Documents\ronelle@mxptint[1].txt,C:\Users\27646\OneDrive\Master_Cloud\07_Documents\ronelle@mxptint[1].txt
2025-12-10T20:04:47,C:\Users\27646\OneDrive\Master_Cloud\01_Documents\ronelle@naviflix[1].txt,C:\Users\27646\OneDrive\Master_Cloud\07_Documents\ronelle@naviflix[1].txt
2025-12-10T20:04:47,C:\Users\27646\OneDrive\Master_Cloud\01_Documents\ronelle@naviflix[2].txt,C:\Users\27646\OneDrive\Master_Cloud\07_Documents\ronelle@naviflix[2].txt
2025-12-10T20:04:47,C:\Users\27646\OneDrive\Master_Cloud\01_Documents\ronelle@nedbank.co[1].txt,C:\Users\27646\OneDrive\Master_Cloud\07_Documents\ronelle@nedbank.co[1].txt
2025-12-10T20:04:47,C:\Users\27646\OneDrive\Master_Cloud\01_Documents\ronelle@nedbank.co[3].txt,C:\Users\27646\OneDrive\Master_Cloud\07_Documents\ronelle@nedbank.co[3].txt
2025-12-10T20:04:47,C:\Users\27646\OneDrive\Master_Cloud\01_Documents\ronelle@nedbank.d3.sc.omtrdc[2].txt,C:\Users\27646\OneDrive\Master_Cloud\07_Documents\ronelle@nedbank.d3.sc.omtrdc[2].txt
2025-12-10T20:04:47,C:\Users\27646\OneDrive\Master_Cloud\01_Documents\ronelle@nexac[1].txt,C:\Users\27646\OneDrive\Master_Cloud\07_Documents\ronelle@nexac[1].txt
2025-12-10T20:04:47,C:\Users\27646\OneDrive\Master_Cloud\01_Documents\ronelle@nmas.nowmedia.co[1].txt,C:\Users\27646\OneDrive\Master_Cloud\07_Documents\ronelle@nmas.nowmedia.co[1].txt
2025-12-10T20:04:47,C:\Users\27646\OneDrive\Master_Cloud\01_Documents\ronelle@numetro.co[1].txt,C:\Users\27646\OneDrive\Master_Cloud\07_Documents\ronelle@numetro.co[1].txt
2025-12-10T20:04:47,C:\Users\27646\OneDrive\Master_Cloud\01_Documents\ronelle@oldmutual.co[2].txt,C:\Users\27646\OneDrive\Master_Cloud\07_Documents\ronelle@oldmutual.co[2].txt
2025-12-10T20:04:47,C:\Users\27646\OneDrive\Master_Cloud\01_Documents\ronelle@omni-chat[2].txt,C:\Users\27646\OneDrive\Master_Cloud\07_Documents\ronelle@omni-chat[2].txt
2025-12-10T20:04:47,C:\Users\27646\OneDrive\Master_Cloud\01_Documents\ronelle@online.computicket[1].txt,C:\Users\27646\OneDrive\Master_Cloud\07_Documents\ronelle@online.computicket[1].txt
2025-12-10T20:04:47,C:\Users\27646\OneDrive\Master_Cloud\01_Documents\ronelle@online.computicket[2].txt,C:\Users\27646\OneDrive\Master_Cloud\07_Documents\ronelle@online.computicket[2].txt
2025-12-10T20:04:47,C:\Users\27646\OneDrive\Master_Cloud\01_Documents\ronelle@onlinestores.metaservices.microsoft[1].txt,C:\Users\27646\OneDrive\Master_Cloud\07_Documents\ronelle@onlinestores.metaservices.microsoft[1].txt
2025-12-10T20:04:47,C:\Users\27646\OneDrive\Master_Cloud\01_Documents\ronelle@openx[1].txt,C:\Users\27646\OneDrive\Master_Cloud\07_Documents\ronelle@openx[1].txt
2025-12-10T20:04:47,C:\Users\27646\OneDrive\Master_Cloud\01_Documents\ronelle@outbrain[1].txt,C:\Users\27646\OneDrive\Master_Cloud\07_Documents\ronelle@outbrain[1].txt
2025-12-10T20:04:47,C:\Users\27646\OneDrive\Master_Cloud\01_Documents\ronelle@owneriq[2].txt,C:\Users\27646\OneDrive\Master_Cloud\07_Documents\ronelle@owneriq[2].txt
2025-12-10T20:04:47,C:\Users\27646\OneDrive\Master_Cloud\01_Documents\ronelle@ox-d.caxton.co[1].txt,C:\Users\27646\OneDrive\Master_Cloud\07_Documents\ronelle@ox-d.caxton.co[1].txt
2025-12-10T20:04:47,C:\Users\27646\OneDrive\Master_Cloud\01_Documents\ronelle@p-td[1].txt,C:\Users\27646\OneDrive\Master_Cloud\07_Documents\ronelle@p-td[1].txt
2025-12-10T20:04:47,C:\Users\27646\OneDrive\Master_Cloud\01_Documents\ronelle@p.liadm[1].txt,C:\Users\27646\OneDrive\Master_Cloud\07_Documents\ronelle@p.liadm[1].txt
2025-12-10T20:04:47,C:\Users\27646\OneDrive\Master_Cloud\01_Documents\ronelle@property24[1].txt,C:\Users\27646\OneDrive\Master_Cloud\07_Documents\ronelle@property24[1].txt
2025-12-10T20:04:47,C:\Users\27646\OneDrive\Master_Cloud\01_Documents\ronelle@proteagroup.co[1].txt,C:\Users\27646\OneDrive\Master_Cloud\07_Documents\ronelle@proteagroup.co[1].txt
2025-12-10T20:04:47,C:\Users\27646\OneDrive\Master_Cloud\01_Documents\ronelle@pubmatic[1].txt,C:\Users\27646\OneDrive\Master_Cloud\07_Documents\ronelle@pubmatic[1].txt
2025-12-10T20:04:47,C:\Users\27646\OneDrive\Master_Cloud\01_Documents\ronelle@quantserve[1].txt,C:\Users\27646\OneDrive\Master_Cloud\07_Documents\ronelle@quantserve[1].txt
2025-12-10T20:04:47,C:\Users\27646\OneDrive\Master_Cloud\01_Documents\ronelle@revsci[2].txt,C:\Users\27646\OneDrive\Master_Cloud\07_Documents\ronelle@revsci[2].txt
2025-12-10T20:04:47,C:\Users\27646\OneDrive\Master_Cloud\01_Documents\ronelle@rfihub[2].txt,C:\Users\27646\OneDrive\Master_Cloud\07_Documents\ronelle@rfihub[2].txt
2025-12-10T20:04:47,C:\Users\27646\OneDrive\Master_Cloud\01_Documents\ronelle@rlcdn[2].txt,C:\Users\27646\OneDrive\Master_Cloud\07_Documents\ronelle@rlcdn[2].txt
2025-12-10T20:04:47,C:\Users\27646\OneDrive\Master_Cloud\01_Documents\ronelle@rooirose.co[2].txt,C:\Users\27646\OneDrive\Master_Cloud\07_Documents\ronelle@rooirose.co[2].txt
2025-12-10T20:04:47,C:\Users\27646\OneDrive\Master_Cloud\01_Documents\ronelle@ru4[1].txt,C:\Users\27646\OneDrive\Master_Cloud\07_Documents\ronelle@ru4[1].txt
2025-12-10T20:04:47,C:\Users\27646\OneDrive\Master_Cloud\01_Documents\ronelle@rubiconproject[1].txt,C:\Users\27646\OneDrive\Master_Cloud\07_Documents\ronelle@rubiconproject[1].txt
2025-12-10T20:04:47,C:\Users\27646\OneDrive\Master_Cloud\01_Documents\ronelle@rvzr-a.akamaihd[1].txt,C:\Users\27646\OneDrive\Master_Cloud\07_Documents\ronelle@rvzr-a.akamaihd[1].txt
2025-12-10T20:04:47,C:\Users\27646\OneDrive\Master_Cloud\01_Documents\ronelle@s.m2pub[2].txt,C:\Users\27646\OneDrive\Master_Cloud\07_Documents\ronelle@s.m2pub[2].txt
2025-12-10T20:04:47,C:\Users\27646\OneDrive\Master_Cloud\01_Documents\ronelle@sanparks[1].txt,C:\Users\27646\OneDrive\Master_Cloud\07_Documents\ronelle@sanparks[1].txt
2025-12-10T20:04:47,C:\Users\27646\OneDrive\Master_Cloud\01_Documents\ronelle@sanral.co[2].txt,C:\Users\27646\OneDrive\Master_Cloud\07_Documents\ronelle@sanral.co[2].txt
2025-12-10T20:04:47,C:\Users\27646\OneDrive\Master_Cloud\01_Documents\ronelle@scorecardresearch[2].txt,C:\Users\27646\OneDrive\Master_Cloud\07_Documents\ronelle@scorecardresearch[2].txt
2025-12-10T20:04:47,C:\Users\27646\OneDrive\Master_Cloud\01_Documents\ronelle@search.us[2].txt,C:\Users\27646\OneDrive\Master_Cloud\07_Documents\ronelle@search.us[2].txt
2025-12-10T20:04:47,C:\Users\27646\OneDrive\Master_Cloud\01_Documents\ronelle@search.yahoo[1].txt,C:\Users\27646\OneDrive\Master_Cloud\07_Documents\ronelle@search.yahoo[1].txt
2025-12-10T20:04:47,C:\Users\27646\OneDrive\Master_Cloud\01_Documents\ronelle@searchou[1].txt,C:\Users\27646\OneDrive\Master_Cloud\07_Documents\ronelle@searchou[1].txt
2025-12-10T20:04:47,C:\Users\27646\OneDrive\Master_Cloud\01_Documents\ronelle@searchsuggests[2].txt,C:\Users\27646\OneDrive\Master_Cloud\07_Documents\ronelle@searchsuggests[2].txt
2025-12-10T20:04:47,C:\Users\27646\OneDrive\Master_Cloud\01_Documents\ronelle@selfservice-boxoffice.dstv[2].txt,C:\Users\27646\OneDrive\Master_Cloud\07_Documents\ronelle@selfservice-boxoffice.dstv[2].txt
2025-12-10T20:04:47,C:\Users\27646\OneDrive\Master_Cloud\01_Documents\ronelle@seniorservice.co[2].txt,C:\Users\27646\OneDrive\Master_Cloud\07_Documents\ronelle@seniorservice.co[2].txt
2025-12-10T20:04:47,C:\Users\27646\OneDrive\Master_Cloud\01_Documents\ronelle@serving-sys[1].txt,C:\Users\27646\OneDrive\Master_Cloud\07_Documents\ronelle@serving-sys[1].txt
2025-12-10T20:04:47,C:\Users\27646\OneDrive\Master_Cloud\01_Documents\ronelle@sharethis[2].txt,C:\Users\27646\OneDrive\Master_Cloud\07_Documents\ronelle@sharethis[2].txt
2025-12-10T20:04:47,C:\Users\27646\OneDrive\Master_Cloud\01_Documents\ronelle@shutterfly[1].txt,C:\Users\27646\OneDrive\Master_Cloud\07_Documents\ronelle@shutterfly[1].txt
2025-12-10T20:04:47,C:\Users\27646\OneDrive\Master_Cloud\01_Documents\ronelle@simpli[1].txt,C:\Users\27646\OneDrive\Master_Cloud\07_Documents\ronelle@simpli[1].txt
2025-12-10T20:04:47,C:\Users\27646\OneDrive\Master_Cloud\01_Documents\ronelle@sitescout[1].txt,C:\Users\27646\OneDrive\Master_Cloud\07_Documents\ronelle@sitescout[1].txt
2025-12-10T20:04:47,C:\Users\27646\OneDrive\Master_Cloud\01_Documents\ronelle@skimresources[1].txt,C:\Users\27646\OneDrive\Master_Cloud\07_Documents\ronelle@skimresources[1].txt
2025-12-10T20:04:47,C:\Users\27646\OneDrive\Master_Cloud\01_Documents\ronelle@southafrica.nlembassy[1].txt,C:\Users\27646\OneDrive\Master_Cloud\07_Documents\ronelle@southafrica.nlembassy[1].txt
2025-12-10T20:04:47,C:\Users\27646\OneDrive\Master_Cloud\01_Documents\ronelle@spotxchange[1].txt,C:\Users\27646\OneDrive\Master_Cloud\07_Documents\ronelle@spotxchange[1].txt
2025-12-10T20:04:47,C:\Users\27646\OneDrive\Master_Cloud\01_Documents\ronelle@startpins[2].txt,C:\Users\27646\OneDrive\Master_Cloud\07_Documents\ronelle@startpins[2].txt
2025-12-10T20:04:48,C:\Users\27646\OneDrive\Master_Cloud\01_Documents\ronelle@sterkinekor[2].txt,C:\Users\27646\OneDrive\Master_Cloud\07_Documents\ronelle@sterkinekor[2].txt
2025-12-10T20:04:48,C:\Users\27646\OneDrive\Master_Cloud\01_Documents\ronelle@tacoda.at.atwola[2].txt,C:\Users\27646\OneDrive\Master_Cloud\07_Documents\ronelle@tacoda.at.atwola[2].txt
2025-12-10T20:04:48,C:\Users\27646\OneDrive\Master_Cloud\01_Documents\ronelle@tap.rubiconproject[2].txt,C:\Users\27646\OneDrive\Master_Cloud\07_Documents\ronelle@tap.rubiconproject[2].txt
2025-12-10T20:04:48,C:\Users\27646\OneDrive\Master_Cloud\01_Documents\ronelle@tapad[2].txt,C:\Users\27646\OneDrive\Master_Cloud\07_Documents\ronelle@tapad[2].txt
2025-12-10T20:04:48,C:\Users\27646\OneDrive\Master_Cloud\01_Documents\ronelle@tb.ask[1].txt,C:\Users\27646\OneDrive\Master_Cloud\07_Documents\ronelle@tb.ask[1].txt
2025-12-10T20:04:48,C:\Users\27646\OneDrive\Master_Cloud\01_Documents\ronelle@themetapicture[2].txt,C:\Users\27646\OneDrive\Master_Cloud\07_Documents\ronelle@themetapicture[2].txt
2025-12-10T20:04:48,C:\Users\27646\OneDrive\Master_Cloud\01_Documents\ronelle@tisparkle[2].txt,C:\Users\27646\OneDrive\Master_Cloud\07_Documents\ronelle@tisparkle[2].txt
2025-12-10T20:04:48,C:\Users\27646\OneDrive\Master_Cloud\01_Documents\ronelle@travelstart.co[2].txt,C:\Users\27646\OneDrive\Master_Cloud\07_Documents\ronelle@travelstart.co[2].txt
2025-12-10T20:04:48,C:\Users\27646\OneDrive\Master_Cloud\01_Documents\ronelle@trusteer[1].txt,C:\Users\27646\OneDrive\Master_Cloud\07_Documents\ronelle@trusteer[1].txt
2025-12-10T20:04:48,C:\Users\27646\OneDrive\Master_Cloud\01_Documents\ronelle@trusteer[2].txt,C:\Users\27646\OneDrive\Master_Cloud\07_Documents\ronelle@trusteer[2].txt
2025-12-10T20:04:48,C:\Users\27646\OneDrive\Master_Cloud\01_Documents\ronelle@trusteer[3].txt,C:\Users\27646\OneDrive\Master_Cloud\07_Documents\ronelle@trusteer[3].txt
2025-12-10T20:04:48,C:\Users\27646\OneDrive\Master_Cloud\01_Documents\ronelle@tubemogul[2].txt,C:\Users\27646\OneDrive\Master_Cloud\07_Documents\ronelle@tubemogul[2].txt
2025-12-10T20:04:48,C:\Users\27646\OneDrive\Master_Cloud\01_Documents\ronelle@turn[2].txt,C:\Users\27646\OneDrive\Master_Cloud\07_Documents\ronelle@turn[2].txt
2025-12-10T20:04:48,C:\Users\27646\OneDrive\Master_Cloud\01_Documents\ronelle@twitter[1].txt,C:\Users\27646\OneDrive\Master_Cloud\07_Documents\ronelle@twitter[1].txt
2025-12-10T20:04:48,C:\Users\27646\OneDrive\Master_Cloud\01_Documents\ronelle@update.vodafone[2].txt,C:\Users\27646\OneDrive\Master_Cloud\07_Documents\ronelle@update.vodafone[2].txt
2025-12-10T20:04:48,C:\Users\27646\OneDrive\Master_Cloud\01_Documents\ronelle@us[1].txt,C:\Users\27646\OneDrive\Master_Cloud\07_Documents\ronelle@us[1].txt
2025-12-10T20:04:48,C:\Users\27646\OneDrive\Master_Cloud\01_Documents\ronelle@vdbimmigrationlawyers[1].txt,C:\Users\27646\OneDrive\Master_Cloud\07_Documents\ronelle@vdbimmigrationlawyers[1].txt
2025-12-10T20:04:48,C:\Users\27646\OneDrive\Master_Cloud\01_Documents\ronelle@viglink[1].txt,C:\Users\27646\OneDrive\Master_Cloud\07_Documents\ronelle@viglink[1].txt
2025-12-10T20:04:48,C:\Users\27646\OneDrive\Master_Cloud\01_Documents\ronelle@voga360[2].txt,C:\Users\27646\OneDrive\Master_Cloud\07_Documents\ronelle@voga360[2].txt
2025-12-10T20:04:48,C:\Users\27646\OneDrive\Master_Cloud\01_Documents\ronelle@w55c[2].txt,C:\Users\27646\OneDrive\Master_Cloud\07_Documents\ronelle@w55c[2].txt
2025-12-10T20:04:48,C:\Users\27646\OneDrive\Master_Cloud\01_Documents\ronelle@wc.international.gc[1].txt,C:\Users\27646\OneDrive\Master_Cloud\07_Documents\ronelle@wc.international.gc[1].txt
2025-12-10T20:04:48,C:\Users\27646\OneDrive\Master_Cloud\01_Documents\ronelle@whatsapp[2].txt,C:\Users\27646\OneDrive\Master_Cloud\08_Backups\ronelle@whatsapp[2].txt
2025-12-10T20:04:48,C:\Users\27646\OneDrive\Master_Cloud\01_Documents\ronelle@whatson.co[1].txt,C:\Users\27646\OneDrive\Master_Cloud\07_Documents\ronelle@whatson.co[1].txt
2025-12-10T20:04:48,C:\Users\27646\OneDrive\Master_Cloud\01_Documents\ronelle@whatson.dns7.co[1].txt,C:\Users\27646\OneDrive\Master_Cloud\07_Documents\ronelle@whatson.dns7.co[1].txt
2025-12-10T20:04:48,C:\Users\27646\OneDrive\Master_Cloud\01_Documents\ronelle@wildcard.co[2].txt,C:\Users\27646\OneDrive\Master_Cloud\07_Documents\ronelle@wildcard.co[2].txt
2025-12-10T20:04:48,C:\Users\27646\OneDrive\Master_Cloud\01_Documents\ronelle@wow[2].txt,C:\Users\27646\OneDrive\Master_Cloud\07_Documents\ronelle@wow[2].txt
2025-12-10T20:04:48,C:\Users\27646\OneDrive\Master_Cloud\01_Documents\ronelle@www.absa.co[2].txt,C:\Users\27646\OneDrive\Master_Cloud\07_Documents\ronelle@www.absa.co[2].txt
2025-12-10T20:04:48,C:\Users\27646\OneDrive\Master_Cloud\01_Documents\ronelle@www.acsa.co[1].txt,C:\Users\27646\OneDrive\Master_Cloud\07_Documents\ronelle@www.acsa.co[1].txt
2025-12-10T20:04:48,C:\Users\27646\OneDrive\Master_Cloud\01_Documents\ronelle@www.airportlostandfound[1].txt,C:\Users\27646\OneDrive\Master_Cloud\07_Documents\ronelle@www.airportlostandfound[1].txt
2025-12-10T20:04:48,C:\Users\27646\OneDrive\Master_Cloud\01_Documents\ronelle@www.airportlostandfound[2].txt,C:\Users\27646\OneDrive\Master_Cloud\07_Documents\ronelle@www.airportlostandfound[2].txt
2025-12-10T20:04:48,C:\Users\27646\OneDrive\Master_Cloud\01_Documents\ronelle@www.ask[2].txt,C:\Users\27646\OneDrive\Master_Cloud\07_Documents\ronelle@www.ask[2].txt
2025-12-10T20:04:48,C:\Users\27646\OneDrive\Master_Cloud\01_Documents\ronelle@www.bbc[2].txt,C:\Users\27646\OneDrive\Master_Cloud\07_Documents\ronelle@www.bbc[2].txt
2025-12-10T20:04:48,C:\Users\27646\OneDrive\Master_Cloud\01_Documents\ronelle@www.bing[2].txt,C:\Users\27646\OneDrive\Master_Cloud\07_Documents\ronelle@www.bing[2].txt
2025-12-10T20:04:48,C:\Users\27646\OneDrive\Master_Cloud\01_Documents\ronelle@www.britishairways[1].txt,C:\Users\27646\OneDrive\Master_Cloud\07_Documents\ronelle@www.britishairways[1].txt
2025-12-10T20:04:48,C:\Users\27646\OneDrive\Master_Cloud\01_Documents\ronelle@www.britishairways[2].txt,C:\Users\27646\OneDrive\Master_Cloud\07_Documents\ronelle@www.britishairways[2].txt
2025-12-10T20:04:48,C:\Users\27646\OneDrive\Master_Cloud\01_Documents\ronelle@www.britishairways[3].txt,C:\Users\27646\OneDrive\Master_Cloud\07_Documents\ronelle@www.britishairways[3].txt
2025-12-10T20:04:48,C:\Users\27646\OneDrive\Master_Cloud\01_Documents\ronelle@www.britishairways[4].txt,C:\Users\27646\OneDrive\Master_Cloud\07_Documents\ronelle@www.britishairways[4].txt
2025-12-10T20:04:48,C:\Users\27646\OneDrive\Master_Cloud\01_Documents\ronelle@www.britishairways[5].txt,C:\Users\27646\OneDrive\Master_Cloud\07_Documents\ronelle@www.britishairways[5].txt
2025-12-10T20:04:48,C:\Users\27646\OneDrive\Master_Cloud\01_Documents\ronelle@www.brooklyntheatre.co[1].txt,C:\Users\27646\OneDrive\Master_Cloud\07_Documents\ronelle@www.brooklyntheatre.co[1].txt
2025-12-10T20:04:48,C:\Users\27646\OneDrive\Master_Cloud\01_Documents\ronelle@www.dropbox[2].txt,C:\Users\27646\OneDrive\Master_Cloud\07_Documents\ronelle@www.dropbox[2].txt
2025-12-10T20:04:48,C:\Users\27646\OneDrive\Master_Cloud\01_Documents\ronelle@www.googleadservices[1].txt,C:\Users\27646\OneDrive\Master_Cloud\07_Documents\ronelle@www.googleadservices[1].txt
2025-12-10T20:04:48,C:\Users\27646\OneDrive\Master_Cloud\01_Documents\ronelle@www.googleadservices[2].txt,C:\Users\27646\OneDrive\Master_Cloud\07_Documents\ronelle@www.googleadservices[2].txt
2025-12-10T20:04:48,C:\Users\27646\OneDrive\Master_Cloud\01_Documents\ronelle@www.googleadservices[3].txt,C:\Users\27646\OneDrive\Master_Cloud\07_Documents\ronelle@www.googleadservices[3].txt
2025-12-10T20:04:48,C:\Users\27646\OneDrive\Master_Cloud\01_Documents\ronelle@www.googleadservices[4].txt,C:\Users\27646\OneDrive\Master_Cloud\07_Documents\ronelle@www.googleadservices[4].txt
2025-12-10T20:04:48,C:\Users\27646\OneDrive\Master_Cloud\01_Documents\ronelle@www.googleadservices[5].txt,C:\Users\27646\OneDrive\Master_Cloud\07_Documents\ronelle@www.googleadservices[5].txt
2025-12-10T20:04:48,C:\Users\27646\OneDrive\Master_Cloud\01_Documents\ronelle@www.google[1].txt,C:\Users\27646\OneDrive\Master_Cloud\07_Documents\ronelle@www.google[1].txt
2025-12-10T20:04:48,C:\Users\27646\OneDrive\Master_Cloud\01_Documents\ronelle@www.gov[1].txt,C:\Users\27646\OneDrive\Master_Cloud\07_Documents\ronelle@www.gov[1].txt
2025-12-10T20:04:48,C:\Users\27646\OneDrive\Master_Cloud\01_Documents\ronelle@www.greengazette.co[1].txt,C:\Users\27646\OneDrive\Master_Cloud\07_Documents\ronelle@www.greengazette.co[1].txt
2025-12-10T20:04:48,C:\Users\27646\OneDrive\Master_Cloud\01_Documents\ronelle@www.gumtree.co[1].txt,C:\Users\27646\OneDrive\Master_Cloud\07_Documents\ronelle@www.gumtree.co[1].txt
2025-12-10T20:04:48,C:\Users\27646\OneDrive\Master_Cloud\01_Documents\ronelle@www.gumtree.co[3].txt,C:\Users\27646\OneDrive\Master_Cloud\07_Documents\ronelle@www.gumtree.co[3].txt
2025-12-10T20:04:48,C:\Users\27646\OneDrive\Master_Cloud\01_Documents\ronelle@www.krugerpark[1].txt,C:\Users\27646\OneDrive\Master_Cloud\07_Documents\ronelle@www.krugerpark[1].txt
2025-12-10T20:04:48,C:\Users\27646\OneDrive\Master_Cloud\01_Documents\ronelle@www.krugerpark[2].txt,C:\Users\27646\OneDrive\Master_Cloud\07_Documents\ronelle@www.krugerpark[2].txt
2025-12-10T20:04:48,C:\Users\27646\OneDrive\Master_Cloud\01_Documents\ronelle@www.linkedin[1].txt,C:\Users\27646\OneDrive\Master_Cloud\07_Documents\ronelle@www.linkedin[1].txt
2025-12-10T20:04:48,C:\Users\27646\OneDrive\Master_Cloud\01_Documents\ronelle@www.lookany[1].txt,C:\Users\27646\OneDrive\Master_Cloud\07_Documents\ronelle@www.lookany[1].txt
2025-12-10T20:04:48,C:\Users\27646\OneDrive\Master_Cloud\01_Documents\ronelle@www.migrationexpert.co[2].txt,C:\Users\27646\OneDrive\Master_Cloud\07_Documents\ronelle@www.migrationexpert.co[2].txt
2025-12-10T20:04:48,C:\Users\27646\OneDrive\Master_Cloud\01_Documents\ronelle@www.migrationexpert[1].txt,C:\Users\27646\OneDrive\Master_Cloud\07_Documents\ronelle@www.migrationexpert[1].txt
2025-12-10T20:04:48,C:\Users\27646\OneDrive\Master_Cloud\01_Documents\ronelle@www.moviesite.co[2].txt,C:\Users\27646\OneDrive\Master_Cloud\07_Documents\ronelle@www.moviesite.co[2].txt
2025-12-10T20:04:48,C:\Users\27646\OneDrive\Master_Cloud\01_Documents\ronelle@www.property24[2].txt,C:\Users\27646\OneDrive\Master_Cloud\07_Documents\ronelle@www.property24[2].txt
2025-12-10T20:04:48,C:\Users\27646\OneDrive\Master_Cloud\01_Documents\ronelle@www.rooirose.co[2].txt,C:\Users\27646\OneDrive\Master_Cloud\07_Documents\ronelle@www.rooirose.co[2].txt
2025-12-10T20:04:48,C:\Users\27646\OneDrive\Master_Cloud\01_Documents\ronelle@www.seniorservice.co[1].txt,C:\Users\27646\OneDrive\Master_Cloud\07_Documents\ronelle@www.seniorservice.co[1].txt
2025-12-10T20:04:48,C:\Users\27646\OneDrive\Master_Cloud\01_Documents\ronelle@www.tisparkle[2].txt,C:\Users\27646\OneDrive\Master_Cloud\07_Documents\ronelle@www.tisparkle[2].txt
2025-12-10T20:04:48,C:\Users\27646\OneDrive\Master_Cloud\01_Documents\ronelle@www.travelstart.co[2].txt,C:\Users\27646\OneDrive\Master_Cloud\07_Documents\ronelle@www.travelstart.co[2].txt
2025-12-10T20:04:48,C:\Users\27646\OneDrive\Master_Cloud\01_Documents\ronelle@www.vdbimmigrationlawyers[1].txt,C:\Users\27646\OneDrive\Master_Cloud\07_Documents\ronelle@www.vdbimmigrationlawyers[1].txt
2025-12-10T20:04:48,C:\Users\27646\OneDrive\Master_Cloud\01_Documents\ronelle@www.visa4uk.fco.gov[1].txt,C:\Users\27646\OneDrive\Master_Cloud\07_Documents\ronelle@www.visa4uk.fco.gov[1].txt
2025-12-10T20:04:48,C:\Users\27646\OneDrive\Master_Cloud\01_Documents\ronelle@www.whatsapp[1].txt,C:\Users\27646\OneDrive\Master_Cloud\08_Backups\ronelle@www.whatsapp[1].txt
2025-12-10T20:04:48,C:\Users\27646\OneDrive\Master_Cloud\01_Documents\ronelle@www.whatson.co[1].txt,C:\Users\27646\OneDrive\Master_Cloud\07_Documents\ronelle@www.whatson.co[1].txt
2025-12-10T20:04:48,C:\Users\27646\OneDrive\Master_Cloud\01_Documents\ronelle@www.wildcard.co[1].txt,C:\Users\27646\OneDrive\Master_Cloud\07_Documents\ronelle@www.wildcard.co[1].txt
2025-12-10T20:04:48,C:\Users\27646\OneDrive\Master_Cloud\01_Documents\ronelle@www.yahoo[1].txt,C:\Users\27646\OneDrive\Master_Cloud\07_Documents\ronelle@www.yahoo[1].txt
2025-12-10T20:04:48,C:\Users\27646\OneDrive\Master_Cloud\01_Documents\ronelle@x.bidswitch[1].txt,C:\Users\27646\OneDrive\Master_Cloud\07_Documents\ronelle@x.bidswitch[1].txt
2025-12-10T20:04:48,C:\Users\27646\OneDrive\Master_Cloud\01_Documents\ronelle@xref[1].txt,C:\Users\27646\OneDrive\Master_Cloud\07_Documents\ronelle@xref[1].txt
2025-12-10T20:04:48,C:\Users\27646\OneDrive\Master_Cloud\01_Documents\ronelle@yahoo[2].txt,C:\Users\27646\OneDrive\Master_Cloud\07_Documents\ronelle@yahoo[2].txt
2025-12-10T20:04:48,C:\Users\27646\OneDrive\Master_Cloud\01_Documents\ronelle@youtube[1].txt,C:\Users\27646\OneDrive\Master_Cloud\07_Documents\ronelle@youtube[1].txt
2025-12-10T20:04:48,C:\Users\27646\OneDrive\Master_Cloud\01_Documents\ronelle@za.ask[1].txt,C:\Users\27646\OneDrive\Master_Cloud\07_Documents\ronelle@za.ask[1].txt
2025-12-10T20:04:48,C:\Users\27646\OneDrive\Master_Cloud\01_Documents\ronelle@za.yahoo[2].txt,C:\Users\27646\OneDrive\Master_Cloud\07_Documents\ronelle@za.yahoo[2].txt
2025-12-10T20:04:48,C:\Users\27646\OneDrive\Master_Cloud\01_Documents\ronelle@zedo[2].txt,C:\Users\27646\OneDrive\Master_Cloud\07_Documents\ronelle@zedo[2].txt
2025-12-10T20:04:48,C:\Users\27646\OneDrive\Master_Cloud\01_Documents\[ Www.iExTV.Com ].txt,C:\Users\27646\OneDrive\Master_Cloud\07_Documents\[ Www.iExTV.Com ].txt
2025-12-10T20:04:48,C:\Users\27646\OneDrive\Master_Cloud\01_Documents\~$1) IKT.docx,C:\Users\27646\OneDrive\Master_Cloud\07_Documents\~$1) IKT.docx
2025-12-10T20:04:48,C:\Users\27646\OneDrive\Master_Cloud\01_Documents\~$10 - 12.doc,C:\Users\27646\OneDrive\Master_Cloud\07_Documents\~$10 - 12.doc
2025-12-10T20:04:48,C:\Users\27646\OneDrive\Master_Cloud\01_Documents\~$1_1 All about ICT.pptx,C:\Users\27646\OneDrive\Master_Cloud\07_Documents\~$1_1 All about ICT.pptx
2025-12-10T20:04:48,C:\Users\27646\OneDrive\Master_Cloud\01_Documents\~$akt 6.xlsx,C:\Users\27646\OneDrive\Master_Cloud\07_Documents\~$akt 6.xlsx
2025-12-10T20:04:48,C:\Users\27646\OneDrive\Master_Cloud\01_Documents\~$c1.doc  Die Dag toe ek my Hare losgemaak het..doc,C:\Users\27646\OneDrive\Master_Cloud\07_Documents\~$c1.doc  Die Dag toe ek my Hare losgemaak het..doc
2025-12-10T20:04:48,C:\Users\27646\OneDrive\Master_Cloud\01_Documents\~$cebook Factsheet.docx,C:\Users\27646\OneDrive\Master_Cloud\07_Documents\~$cebook Factsheet.docx
2025-12-10T20:04:48,C:\Users\27646\OneDrive\Master_Cloud\01_Documents\~$e Double Crown.doc2.doc,C:\Users\27646\OneDrive\Master_Cloud\07_Documents\~$e Double Crown.doc2.doc
2025-12-10T20:04:48,C:\Users\27646\OneDrive\Master_Cloud\01_Documents\~$English speech.pptx,C:\Users\27646\OneDrive\Master_Cloud\07_Documents\~$English speech.pptx
2025-12-10T20:04:48,C:\Users\27646\OneDrive\Master_Cloud\01_Documents\~$erpaal - Aansoek om toelating.doc,C:\Users\27646\OneDrive\Master_Cloud\07_Documents\~$erpaal - Aansoek om toelating.doc
2025-12-10T20:04:48,C:\Users\27646\OneDrive\Master_Cloud\01_Documents\~$hrmann Jan2010 Faktuur.doc,C:\Users\27646\OneDrive\Master_Cloud\07_Documents\~$hrmann Jan2010 Faktuur.doc
2025-12-10T20:04:48,C:\Users\27646\OneDrive\Master_Cloud\01_Documents\~$Info.docx,C:\Users\27646\OneDrive\Master_Cloud\07_Documents\~$Info.docx
2025-12-10T20:04:48,C:\Users\27646\OneDrive\Master_Cloud\01_Documents\~$ISA WERKOPDRAG 1 FEB.2010.doc,C:\Users\27646\OneDrive\Master_Cloud\07_Documents\~$ISA WERKOPDRAG 1 FEB.2010.doc
2025-12-10T20:04:48,C:\Users\27646\OneDrive\Master_Cloud\01_Documents\~$lf Hal1.doc,C:\Users\27646\OneDrive\Master_Cloud\07_Documents\~$lf Hal1.doc
2025-12-10T20:04:48,C:\Users\27646\OneDrive\Master_Cloud\01_Documents\~$lf Hall.doc,C:\Users\27646\OneDrive\Master_Cloud\07_Documents\~$lf Hall.doc
2025-12-10T20:04:48,C:\Users\27646\OneDrive\Master_Cloud\01_Documents\~$PunteBerekening.xlsx,C:\Users\27646\OneDrive\Master_Cloud\07_Documents\~$PunteBerekening.xlsx
2025-12-10T20:04:48,C:\Users\27646\OneDrive\Master_Cloud\01_Documents\~$QUIRY FORM.doc,C:\Users\27646\OneDrive\Master_Cloud\07_Documents\~$QUIRY FORM.doc
2025-12-10T20:04:48,C:\Users\27646\OneDrive\Master_Cloud\01_Documents\~$RKOPDRAG 02.doc,C:\Users\27646\OneDrive\Master_Cloud\07_Documents\~$RKOPDRAG 02.doc
2025-12-10T20:04:48,C:\Users\27646\OneDrive\Master_Cloud\01_Documents\~$RKOPDRAG 04.doc N ormal versus illness.doc,C:\Users\27646\OneDrive\Master_Cloud\07_Documents\~$RKOPDRAG 04.doc N ormal versus illness.doc
2025-12-10T20:04:48,C:\Users\27646\OneDrive\Master_Cloud\01_Documents\~$RKOPDRAG 1.doc,C:\Users\27646\OneDrive\Master_Cloud\07_Documents\~$RKOPDRAG 1.doc
2025-12-10T20:04:48,C:\Users\27646\OneDrive\Master_Cloud\01_Documents\~$rlothpark    Selgroep.doc,C:\Users\27646\OneDrive\Master_Cloud\07_Documents\~$rlothpark    Selgroep.doc
2025-12-10T20:04:48,C:\Users\27646\OneDrive\Master_Cloud\01_Documents\~$Sam.docx,C:\Users\27646\OneDrive\Master_Cloud\07_Documents\~$Sam.docx
2025-12-10T20:04:48,C:\Users\27646\OneDrive\Master_Cloud\01_Documents\~$SIGNMENT3_PORTFOLIO_Final.docx,C:\Users\27646\OneDrive\Master_Cloud\01_Studies\~$SIGNMENT3_PORTFOLIO_Final.docx
2025-12-10T20:04:48,C:\Users\27646\OneDrive\Master_Cloud\01_Documents\~$task 3.docx,C:\Users\27646\OneDrive\Master_Cloud\07_Documents\~$task 3.docx
2025-12-10T20:04:48,C:\Users\27646\OneDrive\Master_Cloud\01_Documents\~$vorsing en note.docx,C:\Users\27646\OneDrive\Master_Cloud\07_Documents\~$vorsing en note.docx
2025-12-10T20:04:48,C:\Users\27646\OneDrive\Master_Cloud\01_Documents\~$w Microsoft Word Document.doc,C:\Users\27646\OneDrive\Master_Cloud\07_Documents\~$w Microsoft Word Document.doc
2025-12-10T20:04:48,C:\Users\27646\OneDrive\Master_Cloud\01_Documents\~$WE TESTAMENT.WERKOPDRAG 2  APRIL doc.doc,C:\Users\27646\OneDrive\Master_Cloud\07_Documents\~$WE TESTAMENT.WERKOPDRAG 2  APRIL doc.doc
2025-12-10T20:07:49,C:\Users\27646\OneDrive\Master_Cloud\02_Photos\-Cq084-Lh7A[1].png,C:\Users\27646\OneDrive\Master_Cloud\03_Photos\2014\01\UnknownDevice\-Cq084-Lh7A[1].png
